account_number,org_name,crm_org_id
100234,Harborlight Community Kitchen,CRM-00A1F3
100311,Cedar Hollow Animal Rescue,CRM-00B7C2
100472,Northwind Youth Orchestra,CRM-00C219
100519,Bluegrass Literacy Alliance,CRM-00D4E8
100633,Saltmarsh Coastal Trust,CRM-00E90B
100701,Ridgeview Volunteer Fire Auxiliary,
100788,Lantern Hill Hospice Friends,CRM-00F6A4
100845,Copperleaf Community Theater,CRM-0107D1
100902,Meadowbrook Food Pantry Network,CRM-01182C
100977,Tidewater Museum of Small Things,
101040,Quillfeather Wildlife Sanctuary,CRM-0129B7
101126,Stonebridge Scholars Fund,CRM-013AE0
